{
    "color": [
        { "r": 0, "g": 0.27843137254, "b": 0.34901960784 },
        { "r": 0, "g": 0.4, "b": 0.5 }
    ] 
}